[
  {
    "pokemon_id": 1,
    "name": "bulbasaur",
    "weight": 69,
    "total_stats": 318
  },
  {
    "pokemon_id": 2,
    "name": "ivysaur",
    "weight": 130,
    "total_stats": 405
  },
  {
    "pokemon_id": 3,
    "name": "venusaur",
    "weight": 1000,
    "total_stats": 525
  },
  {
    "pokemon_id": 4,
    "name": "charmander",
    "weight": 85,
    "total_stats": 309
  },
  {
    "pokemon_id": 5,
    "name": "charmeleon",
    "weight": 190,
    "total_stats": 405
  },
  {
    "pokemon_id": 6,
    "name": "charizard",
    "weight": 905,
    "total_stats": 534
  },
  {
    "pokemon_id": 7,
    "name": "squirtle",
    "weight": 90,
    "total_stats": 314
  },
  {
    "pokemon_id": 8,
    "name": "wartortle",
    "weight": 225,
    "total_stats": 405
  },
  {
    "pokemon_id": 9,
    "name": "blastoise",
    "weight": 855,
    "total_stats": 530
  },
  {
    "pokemon_id": 10,
    "name": "caterpie",
    "weight": 29,
    "total_stats": 195
  },
  {
    "pokemon_id": 11,
    "name": "metapod",
    "weight": 99,
    "total_stats": 205
  },
  {
    "pokemon_id": 12,
    "name": "butterfree",
    "weight": 320,
    "total_stats": 395
  },
  {
    "pokemon_id": 13,
    "name": "weedle",
    "weight": 32,
    "total_stats": 195
  },
  {
    "pokemon_id": 14,
    "name": "kakuna",
    "weight": 100,
    "total_stats": 205
  },
  {
    "pokemon_id": 15,
    "name": "beedrill",
    "weight": 295,
    "total_stats": 395
  },
  {
    "pokemon_id": 16,
    "name": "pidgey",
    "weight": 18,
    "total_stats": 251
  },
  {
    "pokemon_id": 17,
    "name": "pidgeotto",
    "weight": 300,
    "total_stats": 349
  },
  {
    "pokemon_id": 18,
    "name": "pidgeot",
    "weight": 395,
    "total_stats": 479
  },
  {
    "pokemon_id": 19,
    "name": "rattata",
    "weight": 35,
    "total_stats": 253
  },
  {
    "pokemon_id": 20,
    "name": "raticate",
    "weight": 185,
    "total_stats": 413
  },
  {
    "pokemon_id": 21,
    "name": "spearow",
    "weight": 20,
    "total_stats": 262
  },
  {
    "pokemon_id": 22,
    "name": "fearow",
    "weight": 380,
    "total_stats": 442
  },
  {
    "pokemon_id": 23,
    "name": "ekans",
    "weight": 69,
    "total_stats": 288
  },
  {
    "pokemon_id": 24,
    "name": "arbok",
    "weight": 650,
    "total_stats": 448
  },
  {
    "pokemon_id": 25,
    "name": "pikachu",
    "weight": 60,
    "total_stats": 320
  },
  {
    "pokemon_id": 26,
    "name": "raichu",
    "weight": 300,
    "total_stats": 485
  },
  {
    "pokemon_id": 27,
    "name": "sandshrew",
    "weight": 120,
    "total_stats": 300
  },
  {
    "pokemon_id": 28,
    "name": "sandslash",
    "weight": 295,
    "total_stats": 450
  },
  {
    "pokemon_id": 29,
    "name": "nidoran-f",
    "weight": 70,
    "total_stats": 275
  },
  {
    "pokemon_id": 30,
    "name": "nidorina",
    "weight": 200,
    "total_stats": 365
  },
  {
    "pokemon_id": 31,
    "name": "nidoqueen",
    "weight": 600,
    "total_stats": 505
  },
  {
    "pokemon_id": 32,
    "name": "nidoran-m",
    "weight": 90,
    "total_stats": 273
  },
  {
    "pokemon_id": 33,
    "name": "nidorino",
    "weight": 195,
    "total_stats": 365
  },
  {
    "pokemon_id": 34,
    "name": "nidoking",
    "weight": 620,
    "total_stats": 505
  },
  {
    "pokemon_id": 35,
    "name": "clefairy",
    "weight": 75,
    "total_stats": 323
  },
  {
    "pokemon_id": 36,
    "name": "clefable",
    "weight": 400,
    "total_stats": 483
  },
  {
    "pokemon_id": 37,
    "name": "vulpix",
    "weight": 99,
    "total_stats": 299
  },
  {
    "pokemon_id": 38,
    "name": "ninetales",
    "weight": 199,
    "total_stats": 505
  },
  {
    "pokemon_id": 39,
    "name": "jigglypuff",
    "weight": 55,
    "total_stats": 270
  },
  {
    "pokemon_id": 40,
    "name": "wigglytuff",
    "weight": 120,
    "total_stats": 435
  },
  {
    "pokemon_id": 41,
    "name": "zubat",
    "weight": 75,
    "total_stats": 245
  },
  {
    "pokemon_id": 42,
    "name": "golbat",
    "weight": 550,
    "total_stats": 455
  },
  {
    "pokemon_id": 43,
    "name": "oddish",
    "weight": 54,
    "total_stats": 320
  },
  {
    "pokemon_id": 44,
    "name": "gloom",
    "weight": 86,
    "total_stats": 395
  },
  {
    "pokemon_id": 45,
    "name": "vileplume",
    "weight": 186,
    "total_stats": 490
  },
  {
    "pokemon_id": 46,
    "name": "paras",
    "weight": 54,
    "total_stats": 285
  },
  {
    "pokemon_id": 47,
    "name": "parasect",
    "weight": 295,
    "total_stats": 405
  },
  {
    "pokemon_id": 48,
    "name": "venonat",
    "weight": 300,
    "total_stats": 305
  },
  {
    "pokemon_id": 49,
    "name": "venomoth",
    "weight": 125,
    "total_stats": 450
  },
  {
    "pokemon_id": 50,
    "name": "diglett",
    "weight": 8,
    "total_stats": 265
  },
  {
    "pokemon_id": 51,
    "name": "dugtrio",
    "weight": 333,
    "total_stats": 425
  },
  {
    "pokemon_id": 52,
    "name": "meowth",
    "weight": 42,
    "total_stats": 290
  },
  {
    "pokemon_id": 53,
    "name": "persian",
    "weight": 320,
    "total_stats": 440
  },
  {
    "pokemon_id": 54,
    "name": "psyduck",
    "weight": 196,
    "total_stats": 320
  },
  {
    "pokemon_id": 55,
    "name": "golduck",
    "weight": 766,
    "total_stats": 500
  },
  {
    "pokemon_id": 56,
    "name": "mankey",
    "weight": 280,
    "total_stats": 305
  },
  {
    "pokemon_id": 57,
    "name": "primeape",
    "weight": 320,
    "total_stats": 455
  },
  {
    "pokemon_id": 58,
    "name": "growlithe",
    "weight": 190,
    "total_stats": 350
  },
  {
    "pokemon_id": 59,
    "name": "arcanine",
    "weight": 1550,
    "total_stats": 555
  },
  {
    "pokemon_id": 60,
    "name": "poliwag",
    "weight": 124,
    "total_stats": 300
  },
  {
    "pokemon_id": 61,
    "name": "poliwhirl",
    "weight": 200,
    "total_stats": 385
  },
  {
    "pokemon_id": 62,
    "name": "poliwrath",
    "weight": 540,
    "total_stats": 510
  },
  {
    "pokemon_id": 63,
    "name": "abra",
    "weight": 195,
    "total_stats": 310
  },
  {
    "pokemon_id": 64,
    "name": "kadabra",
    "weight": 565,
    "total_stats": 400
  },
  {
    "pokemon_id": 65,
    "name": "alakazam",
    "weight": 480,
    "total_stats": 500
  },
  {
    "pokemon_id": 66,
    "name": "machop",
    "weight": 195,
    "total_stats": 305
  },
  {
    "pokemon_id": 67,
    "name": "machoke",
    "weight": 705,
    "total_stats": 405
  },
  {
    "pokemon_id": 68,
    "name": "machamp",
    "weight": 1300,
    "total_stats": 505
  },
  {
    "pokemon_id": 69,
    "name": "bellsprout",
    "weight": 40,
    "total_stats": 300
  },
  {
    "pokemon_id": 70,
    "name": "weepinbell",
    "weight": 64,
    "total_stats": 390
  },
  {
    "pokemon_id": 71,
    "name": "victreebel",
    "weight": 155,
    "total_stats": 490
  },
  {
    "pokemon_id": 72,
    "name": "tentacool",
    "weight": 455,
    "total_stats": 335
  },
  {
    "pokemon_id": 73,
    "name": "tentacruel",
    "weight": 550,
    "total_stats": 515
  },
  {
    "pokemon_id": 74,
    "name": "geodude",
    "weight": 200,
    "total_stats": 300
  },
  {
    "pokemon_id": 75,
    "name": "graveler",
    "weight": 1050,
    "total_stats": 390
  },
  {
    "pokemon_id": 76,
    "name": "golem",
    "weight": 3000,
    "total_stats": 495
  },
  {
    "pokemon_id": 77,
    "name": "ponyta",
    "weight": 300,
    "total_stats": 410
  },
  {
    "pokemon_id": 78,
    "name": "rapidash",
    "weight": 950,
    "total_stats": 500
  },
  {
    "pokemon_id": 79,
    "name": "slowpoke",
    "weight": 360,
    "total_stats": 315
  },
  {
    "pokemon_id": 80,
    "name": "slowbro",
    "weight": 785,
    "total_stats": 490
  },
  {
    "pokemon_id": 81,
    "name": "magnemite",
    "weight": 60,
    "total_stats": 325
  },
  {
    "pokemon_id": 82,
    "name": "magneton",
    "weight": 600,
    "total_stats": 465
  },
  {
    "pokemon_id": 83,
    "name": "farfetchd",
    "weight": 150,
    "total_stats": 377
  },
  {
    "pokemon_id": 84,
    "name": "doduo",
    "weight": 392,
    "total_stats": 310
  },
  {
    "pokemon_id": 85,
    "name": "dodrio",
    "weight": 852,
    "total_stats": 470
  },
  {
    "pokemon_id": 86,
    "name": "seel",
    "weight": 900,
    "total_stats": 325
  },
  {
    "pokemon_id": 87,
    "name": "dewgong",
    "weight": 1200,
    "total_stats": 475
  },
  {
    "pokemon_id": 88,
    "name": "grimer",
    "weight": 300,
    "total_stats": 325
  },
  {
    "pokemon_id": 89,
    "name": "muk",
    "weight": 300,
    "total_stats": 500
  },
  {
    "pokemon_id": 90,
    "name": "shellder",
    "weight": 40,
    "total_stats": 305
  },
  {
    "pokemon_id": 91,
    "name": "cloyster",
    "weight": 1325,
    "total_stats": 525
  },
  {
    "pokemon_id": 92,
    "name": "gastly",
    "weight": 1,
    "total_stats": 310
  },
  {
    "pokemon_id": 93,
    "name": "haunter",
    "weight": 1,
    "total_stats": 405
  },
  {
    "pokemon_id": 94,
    "name": "gengar",
    "weight": 405,
    "total_stats": 500
  },
  {
    "pokemon_id": 95,
    "name": "onix",
    "weight": 2100,
    "total_stats": 385
  },
  {
    "pokemon_id": 96,
    "name": "drowzee",
    "weight": 324,
    "total_stats": 328
  },
  {
    "pokemon_id": 97,
    "name": "hypno",
    "weight": 756,
    "total_stats": 483
  },
  {
    "pokemon_id": 98,
    "name": "krabby",
    "weight": 65,
    "total_stats": 325
  },
  {
    "pokemon_id": 99,
    "name": "kingler",
    "weight": 600,
    "total_stats": 475
  },
  {
    "pokemon_id": 100,
    "name": "voltorb",
    "weight": 104,
    "total_stats": 330
  }
]